brand,model
alfa-romeo,Alfa Romeo Stelvio
alfa-romeo,Alfa Romeo Giulia
alfa-romeo,Alfa Romeo Tonale
alfa-romeo,Alfa Romeo Giulietta
alfa-romeo,Alfa Romeo MiTo
alfa-romeo,Alfa Romeo 159
alfa-romeo,Alfa Romeo 147
alfa-romeo,Alfa Romeo Spider
alfa-romeo,Alfa Romeo GT
alfa-romeo,Alfa Romeo 156
alfa-romeo,Alfa Romeo Brera
alfa-romeo,Alfa Romeo
alfa-romeo,Alfa Romeo 4C
alfa-romeo,Alfa Romeo 166
alfa-romeo,Alfa Romeo GTV
alfa-romeo,Alfa Romeo Sportwagon
alfa-romeo,Alfa Romeo Alfa 6
alfa-romeo,Alfa Romeo 145
aston-martin,Aston Martin V8
aston-martin,Aston Martin DB9
aston-martin,Aston Martin DB7
aston-martin,Aston Martin Vantage
aston-martin,Aston Martin Vanquish
aston-martin,Aston Martin Rapide
audi,Audi A3
audi,Audi A4
audi,Audi A6
audi,Audi A5
audi,Audi A1
audi,Audi Q3
audi,Audi Q5
audi,Audi TT
audi,Audi Q2
audi,Audi Q7
audi,Audi A7
audi,Audi SQ5
audi,Audi A8
audi,Audi A6 allroad
audi,Audi S3
audi,Audi S5
audi,Audi A4 allroad
audi,Audi e-tron
audi,Audi RS3
audi,Audi S6
audi,Audi S4
audi,Audi TTS
audi,Audi SQ7
audi,Audi RS6
audi,Audi A2
audi,Audi RS5
audi,Audi Q8
audi,Audi RS4
audi,Audi TT RS
audi,Audi RS Q3
audi,Audi Q4 e-tron
audi,Audi S8
audi,Audi S7
audi,Audi R8
audi,Audi SQ2
audi,Audi RS7
audi,Audi S1
audi,Audi
audi,Audi Cabriolet
audi,Audi Allroad
audi,Audi Q8 e-tron
audi,Audi RS Q8
audi,Audi SQ8
audi,Audi 50
audi,Audi QUATTRO
audi,Audi 80
audi,Audi e-tron GT
bentley,Bentley Flying Spur
bentley,Bentley Continental GT
bentley,Bentley Continental
bentley,Bentley Arnage
bentley,Bentley Continental GTC
bentley,Bentley
bentley,Bentley Mulsanne
bmw,BMW 320
bmw,BMW X1
bmw,BMW 530
bmw,BMW 118
bmw,BMW 318
bmw,BMW 520
bmw,BMW X3
bmw,BMW 116
bmw,BMW 218
bmw,BMW 330
bmw,BMW X5
bmw,BMW 120
bmw,BMW 220
bmw,BMW 525
bmw,BMW Z4
bmw,BMW 325
bmw,BMW 420
bmw,BMW i3
bmw,BMW 316
bmw,BMW 430
bmw,BMW X2
bmw,BMW X4
bmw,BMW 535
bmw,BMW 540
bmw,BMW 335
bmw,BMW X6
bmw,BMW 550
bmw,BMW 730
bmw,BMW 225
bmw,BMW 523
bmw,BMW 640
bmw,BMW 440
bmw,BMW 435
bmw,BMW 750
bmw,BMW M4
bmw,BMW 740
bmw,BMW 216
bmw,BMW X5 M
bmw,BMW M2
bmw,BMW
bmw,BMW 135
bmw,BMW M3
bmw,BMW Z3
bmw,BMW 650
bmw,BMW M5
bmw,BMW 125
bmw,BMW X3 M
bmw,BMW 340
bmw,BMW 328
bmw,BMW X6 M
bmw,BMW M850
bmw,BMW M6
bmw,BMW 235
bmw,BMW X4 M
bmw,BMW 240
bmw,BMW 528
bmw,BMW i4
bmw,BMW 114
bmw,BMW 123
bmw,BMW 630
bmw,BMW 428
bmw,BMW 140
bmw,BMW 745
bmw,BMW Z4 M
bmw,BMW iX
bmw,BMW iX3
bmw,BMW 230
bmw,BMW 645
bmw,BMW X2 M
bmw,BMW 323
bmw,BMW 840
bmw,BMW iX1
bmw,BMW 635
bmw,BMW 418
bmw,BMW 760
bmw,BMW 425
bmw,BMW 518
bmw,BMW M550
bmw,BMW 545
bmw,BMW 228
bmw,BMW i8
bmw,BMW 223
bmw,BMW 1er M Coupé
bmw,BMW 735
bmw,BMW Z3 M
bmw,BMW 128
bmw,BMW X7
bmw,BMW 850
bmw,BMW Active Hybrid 7
bmw,BMW M1
bmw,BMW 130
bmw,BMW 214
bmw,BMW 620
bmw,BMW 728
bmw,BMW Active Hybrid 3
bmw,BMW M8
bmw,BMW X7 M
cadillac,Cadillac XT4
cadillac,Cadillac Escalade
cadillac,Cadillac CTS
cadillac,Cadillac XT5
cadillac,Cadillac SRX
cadillac,Cadillac ATS
cadillac,Cadillac
cadillac,Cadillac CT6
cadillac,Cadillac STS
cadillac,Cadillac BLS
cadillac,Cadillac XT6
cadillac,Cadillac Eldorado
cadillac,Cadillac Seville
chevrolet,Chevrolet Camaro
chevrolet,Chevrolet Silverado
chevrolet,Chevrolet Captiva
chevrolet,Chevrolet Cruze
chevrolet,Chevrolet Aveo
chevrolet,Chevrolet Express
chevrolet,Chevrolet Matiz
chevrolet,Chevrolet Orlando
chevrolet,Chevrolet Trax
chevrolet,Chevrolet Colorado
chevrolet,Chevrolet Corvette
chevrolet,Chevrolet Spark
chevrolet,Chevrolet Tahoe
chevrolet,Chevrolet Blazer
chevrolet,Chevrolet Kalos
chevrolet,Chevrolet Trailblazer
chrysler,Chrysler Pacifica
citroen,Citroen Berlingo
citroen,Citroen C3
citroen,Citroen C5 Aircross
citroen,Citroen C3 Aircross
citroen,Citroen C4
citroen,Citroen C1
citroen,Citroen Jumper
citroen,Citroen C4 Cactus
citroen,Citroen Jumpy
citroen,Citroen C5 X
citroen,Citroen Grand C4 Picasso
citroen,Citroen DS3
citroen,Citroen Spacetourer
citroen,Citroen
citroen,Citroen C4 Picasso
citroen,Citroen Grand C4 SpaceTourer
citroen,Citroen C5
citroen,Citroen C4 SpaceTourer
citroen,Citroen C3 Picasso
citroen,Citroen DS4
citroen,Citroen C2
citroen,Citroen Nemo
citroen,Citroen DS5
citroen,Citroen C-Zero
citroen,Citroen C4 Aircross
citroen,Citroen DS
citroen,Citroen E-C4 Electric
citroen,Citroen Xsara Picasso
citroen,Citroen C6
citroen,Citroen C8
citroen,Citroen C-Crosser
citroen,Citroen Xsara
citroen,Citroen C-Elysée
citroen,Citroen E-C4 X
citroen,Citroen C35
dacia,Dacia Duster
dacia,Dacia Sandero
dacia,Dacia Logan
dacia,Dacia Dokker
dacia,Dacia Jogger
dacia,Dacia Lodgy
dacia,Dacia
dacia,Dacia Spring
dacia,Dacia Pick Up
daewoo,Daewoo Kalos
daewoo,Daewoo Matiz
daewoo,Daewoo Lacetti
daewoo,Daewoo Evanda
daewoo,Daewoo Rezzo
daewoo,Daewoo Nubira
daewoo,Daewoo Lanos
daewoo,Daewoo Tacuma
daihatsu,Daihatsu Sirion
daihatsu,Daihatsu Cuore
daihatsu,Daihatsu Terios
daihatsu,Daihatsu Copen
daihatsu,Daihatsu Trevis
daihatsu,Daihatsu Materia
daihatsu,Daihatsu Charade
daihatsu,Daihatsu YRV
daihatsu,Daihatsu Move
dodge,Dodge RAM
dodge,Dodge Challenger
dodge,Dodge Durango
dodge,Dodge Charger
dodge,Dodge Grand Caravan
dodge,Dodge Journey
dodge,Dodge Caliber
dodge,Dodge Nitro
dodge,Dodge Avenger
ferrari,Ferrari 360
ferrari,Ferrari 456
ferrari,Ferrari 612
fiat,Fiat 500
fiat,Fiat 500C
fiat,Fiat Tipo
fiat,Fiat Panda
fiat,Fiat Doblo
fiat,Fiat 500X
fiat,Fiat Ducato
fiat,Fiat Grande Punto
fiat,Fiat 500e
fiat,Fiat 500L
fiat,Fiat
fiat,Fiat Talento
fiat,Fiat Punto
fiat,Fiat 124 Spider
fiat,Fiat Fiorino
fiat,Fiat Punto Evo
fiat,Fiat Scudo
fiat,Fiat Qubo
fiat,Fiat Fullback
fiat,Fiat Freemont
fiat,Fiat New Panda
fiat,Fiat Sedici
fiat,Fiat Bravo
fiat,Fiat 595 Abarth
fiat,Fiat Idea
fiat,Fiat Multipla
fiat,Fiat Ulysse
fiat,Fiat E-Doblo
fiat,Fiat Croma
fiat,Fiat Linea
fiat,Fiat Seicento
fiat,Fiat Stilo
fiat,Fiat Strada
ford,Ford Focus
ford,Ford Fiesta
ford,Ford Kuga
ford,Ford Mondeo
ford,Ford EcoSport
ford,Ford S-Max
ford,Ford Puma
ford,Ford Mustang
ford,Ford Ranger
ford,Ford Transit
ford,Ford Transit Custom
ford,Ford C-Max
ford,Ford Tourneo Custom
ford,Ford Edge
ford,Ford Galaxy
ford,Ford Ka/Ka+
ford,Ford B-Max
ford,Ford Grand C-Max
ford,Ford Tourneo Connect
ford,Ford Transit Connect
ford,Ford Mustang Mach-E
ford,Ford Fusion
ford,Ford
ford,Ford Tourneo Courier
ford,Ford Grand Tourneo
ford,Ford Focus C-Max
ford,Ford F 150
ford,Ford Transit Courier
ford,Ford Tourneo
ford,Ford Ranger Raptor
ford,Ford Explorer
ford,Ford Streetka
ford,Ford Focus CC
ford,Ford Bronco
ford,Ford Maverick
ford,Ford F 250
ford,Ford Transit Bus
ford,Ford Courier
ford,Ford E-Transit
ford,Ford Expedition
ford,Ford F 350
ford,Ford Flex
ford,Ford Gran Torino
ford,Ford M
ford,Ford Crown
ford,Ford Taurus
honda,Honda CR-V
honda,Honda Civic
honda,Honda Jazz
honda,Honda HR-V
honda,Honda e
honda,Honda Accord
honda,Honda Insight
honda,Honda Odyssey
honda,Honda Stream
hyundai,Hyundai i30
hyundai,Hyundai TUCSON
hyundai,Hyundai KONA
hyundai,Hyundai i20
hyundai,Hyundai i10
hyundai,Hyundai SANTA FE
hyundai,Hyundai iX35
hyundai,Hyundai iX20
hyundai,Hyundai i40
hyundai,Hyundai IONIQ
hyundai,Hyundai IONIQ 5
hyundai,Hyundai BAYON
hyundai,Hyundai
hyundai,Hyundai H-1
hyundai,Hyundai Getz
hyundai,Hyundai STARIA
hyundai,Hyundai KONA Elektro
hyundai,Hyundai NEXO
hyundai,Hyundai IONIQ 6
hyundai,Hyundai Grand Santa Fe
hyundai,Hyundai H 350
hyundai,Hyundai Atos
hyundai,Hyundai VELOSTER
hyundai,Hyundai Matrix
hyundai,Hyundai Terracan
hyundai,Hyundai ACCENT
hyundai,Hyundai ELANTRA
hyundai,Hyundai Genesis
hyundai,Hyundai Coupe
hyundai,Hyundai Genesis Coupe
hyundai,Hyundai SONATA
hyundai,Hyundai iX55
infiniti,Infiniti Q30
infiniti,Infiniti QX70
infiniti,Infiniti Q50
infiniti,Infiniti FX
infiniti,Infiniti QX30
infiniti,Infiniti Q70
infiniti,Infiniti EX30
infiniti,Infiniti G37
infiniti,Infiniti Q60
infiniti,Infiniti QX50
infiniti,Infiniti QX80
infiniti,Infiniti EX35
infiniti,Infiniti EX37
infiniti,Infiniti M30
infiniti,Infiniti M35
infiniti,Infiniti M37
infiniti,Infiniti QX60
isuzu,Isuzu D-Max
isuzu,Isuzu
isuzu,Isuzu Trooper
jaguar,Jaguar F-Pace
jaguar,Jaguar E-Pace
jaguar,Jaguar XE
jaguar,Jaguar XF
jaguar,Jaguar F-Type
jaguar,Jaguar I-Pace
jaguar,Jaguar XJ
jaguar,Jaguar XK
jaguar,Jaguar XKR
jaguar,Jaguar X-Type
jeep,Jeep Renegade
jeep,Jeep Compass
jeep,Jeep Grand Cherokee
jeep,Jeep Wrangler
jeep,Jeep Cherokee
jeep,Jeep Gladiator
jeep,Jeep Avenger
jeep,Jeep
jeep,Jeep Commander
jeep,Jeep Patriot
kia,Kia Sportage
kia,Kia Ceed / cee'd
kia,Kia Picanto
kia,Kia Ceed SW / cee'd SW
kia,Kia XCeed
kia,Kia Rio
kia,Kia Stonic
kia,Kia Niro
kia,Kia Sorento
kia,Kia ProCeed / pro_cee'd
kia,Kia Venga
kia,Kia Soul
kia,Kia Optima
kia,Kia
kia,Kia Stinger
kia,Kia Carens
kia,Kia EV6
kia,Kia e-Niro
kia,Kia Carnival
kia,Kia Cerato
kia,Kia Opirus
lada,Lada Niva
lada,Lada Taiga
lada,Lada Kalina
lada,Lada Vesta
lada,Lada Urban
lada,Lada 4x4
lada,Lada 111
lada,Lada Granta
lada,Lada Priora
lancia,Lancia Ypsilon
lancia,Lancia Voyager
lancia,Lancia MUSA
lancia,Lancia Delta
lancia,Lancia Thema
lancia,Lancia Thesis
lancia,Lancia Lybra
lancia,Lancia Phedra
lancia,Lancia Y
lancia,Lancia Flavia
lancia,Lancia ZETA
land-rover,Land Rover Range Rover Evoque
land-rover,Land Rover Discovery Sport
land-rover,Land Rover Range Rover Velar
land-rover,Land Rover Range Rover Sport
land-rover,Land Rover Discovery
land-rover,Land Rover Range Rover
land-rover,Land Rover Defender
land-rover,Land Rover Freelander
land-rover,Land Rover
maserati,Maserati Ghibli
maserati,Maserati Levante
maserati,Maserati Quattroporte
maserati,Maserati GranTurismo
maserati,Maserati 3200
maserati,Maserati Grecale
maserati,Maserati GranCabrio
maserati,Maserati 4200
maserati,Maserati Spyder
maserati,Maserati GranSport
maserati,Maserati Coupe
mazda,Mazda CX-5
mazda,Mazda 6
mazda,Mazda 2
mazda,Mazda 3
mazda,Mazda CX-3
mazda,Mazda MX-5
mazda,Mazda CX-30
mazda,Mazda CX-60
mazda,Mazda MX-30
mazda,Mazda
mazda,Mazda 5
mazda,Mazda CX-7
mazda,Mazda 323
mazda,Mazda BT-50
mazda,Mazda CX-9
mazda,Mazda RX-8
mazda,Mazda Tribute
mercedes-benz,Mercedes-Benz C 180
mercedes-benz,Mercedes-Benz C 200
mercedes-benz,Mercedes-Benz C 220
mercedes-benz,Mercedes-Benz E 220
mercedes-benz,Mercedes-Benz A 180
mercedes-benz,Mercedes-Benz E 200
mercedes-benz,Mercedes-Benz B 180
mercedes-benz,Mercedes-Benz Vito
mercedes-benz,Mercedes-Benz E 350
mercedes-benz,Mercedes-Benz Sprinter
mercedes-benz,Mercedes-Benz A 200
mercedes-benz,Mercedes-Benz B 200
mercedes-benz,Mercedes-Benz SLK 200
mercedes-benz,Mercedes-Benz C 300
mercedes-benz,Mercedes-Benz C 250
mercedes-benz,Mercedes-Benz E 300
mercedes-benz,Mercedes-Benz V 250
mercedes-benz,Mercedes-Benz CLA 200
mercedes-benz,Mercedes-Benz A 160
mercedes-benz,Mercedes-Benz E 250
mercedes-benz,Mercedes-Benz GLC 250
mercedes-benz,Mercedes-Benz A 250
mercedes-benz,Mercedes-Benz GLC 220
mercedes-benz,Mercedes-Benz
mercedes-benz,Mercedes-Benz CLS 350
mercedes-benz,Mercedes-Benz CLA 180
mercedes-benz,Mercedes-Benz C 63 AMG
mercedes-benz,Mercedes-Benz CLK 200
mercedes-benz,Mercedes-Benz GLA 200
mercedes-benz,Mercedes-Benz A 150
mercedes-benz,Mercedes-Benz CLA 220
mercedes-benz,Mercedes-Benz S 500
mercedes-benz,Mercedes-Benz GLC 300
mercedes-benz,Mercedes-Benz GLE 350
mercedes-benz,Mercedes-Benz A 170
mercedes-benz,Mercedes-Benz CLA 250
mercedes-benz,Mercedes-Benz E 400
mercedes-benz,Mercedes-Benz S 350
mercedes-benz,Mercedes-Benz Citan
mercedes-benz,Mercedes-Benz ML 350
mercedes-benz,Mercedes-Benz A 220
mercedes-benz,Mercedes-Benz V 220
mercedes-benz,Mercedes-Benz E 320
mercedes-benz,Mercedes-Benz C 350
mercedes-benz,Mercedes-Benz GLK 220
mercedes-benz,Mercedes-Benz C 43 AMG
mercedes-benz,Mercedes-Benz Viano
mercedes-benz,Mercedes-Benz B 220
mercedes-benz,Mercedes-Benz SL 350
mercedes-benz,Mercedes-Benz SL 500
mercedes-benz,Mercedes-Benz C 400
mercedes-benz,Mercedes-Benz GLA 250
mercedes-benz,Mercedes-Benz B 170
mercedes-benz,Mercedes-Benz E 280
mercedes-benz,Mercedes-Benz V 300
mercedes-benz,Mercedes-Benz CLA 45 AMG
mercedes-benz,Mercedes-Benz ML 320
mercedes-benz,Mercedes-Benz GLA 220
mercedes-benz,Mercedes-Benz CLK 320
mercedes-benz,Mercedes-Benz A 35 AMG
mercedes-benz,Mercedes-Benz E 63 AMG
mercedes-benz,Mercedes-Benz B 250
mercedes-benz,Mercedes-Benz A 45 AMG
mercedes-benz,Mercedes-Benz GLA 180
mercedes-benz,Mercedes-Benz GLC 350
mercedes-benz,Mercedes-Benz E 500
mercedes-benz,Mercedes-Benz 200
mercedes-benz,Mercedes-Benz EQC 400
mercedes-benz,Mercedes-Benz GLC 200
mercedes-benz,Mercedes-Benz GLK 350
mercedes-benz,Mercedes-Benz GLC 43 AMG
mercedes-benz,Mercedes-Benz A 140
mercedes-benz,Mercedes-Benz E 240
mercedes-benz,Mercedes-Benz C 320
mercedes-benz,Mercedes-Benz CLC
mercedes-benz,Mercedes-Benz GLE 63 AMG
mercedes-benz,Mercedes-Benz S 400
mercedes-benz,Mercedes-Benz E 53 AMG
mercedes-benz,Mercedes-Benz S 63 AMG
mercedes-benz,Mercedes-Benz CL 500
mercedes-benz,Mercedes-Benz E 450
mercedes-benz,Mercedes-Benz G 350
mercedes-benz,Mercedes-Benz S 320
mercedes-benz,Mercedes-Benz GLK 250
mercedes-benz,Mercedes-Benz SLK 350
mercedes-benz,Mercedes-Benz E 270
mercedes-benz,Mercedes-Benz B 160
mercedes-benz,Mercedes-Benz CLK 240
mercedes-benz,Mercedes-Benz GLB 200
mercedes-benz,Mercedes-Benz T-Class
mercedes-benz,Mercedes-Benz B 150
mercedes-benz,Mercedes-Benz CLS 500
mercedes-benz,Mercedes-Benz SLK 250
mercedes-benz,Mercedes-Benz CLK 230
mercedes-benz,Mercedes-Benz GLC 400
mercedes-benz,Mercedes-Benz S 600
mercedes-benz,Mercedes-Benz C 280
mercedes-benz,Mercedes-Benz GLC 63 AMG
mercedes-benz,Mercedes-Benz GLB 250
mercedes-benz,Mercedes-Benz C 230
mercedes-benz,Mercedes-Benz CLS 400
mercedes-benz,Mercedes-Benz CLS 63 AMG
mercedes-benz,Mercedes-Benz GLE 400
mercedes-benz,Mercedes-Benz X 250
mercedes-benz,Mercedes-Benz EQA 250
mercedes-benz,Mercedes-Benz GL 350
mercedes-benz,Mercedes-Benz SLK 230
mercedes-benz,Mercedes-Benz G 500
mercedes-benz,Mercedes-Benz R 350
mercedes-benz,Mercedes-Benz S 560
mercedes-benz,Mercedes-Benz Vaneo
mercedes-benz,Mercedes-Benz CLS 450
mercedes-benz,Mercedes-Benz ML 280
mercedes-benz,Mercedes-Benz Marco Polo
mercedes-benz,Mercedes-Benz CLS 250
mercedes-benz,Mercedes-Benz ML 250
mercedes-benz,Mercedes-Benz CLS 320
mercedes-benz,Mercedes-Benz GLE 500
mercedes-benz,Mercedes-Benz SLR
mercedes-benz,Mercedes-Benz CLA 35 AMG
mercedes-benz,Mercedes-Benz CLK 280
mercedes-benz,Mercedes-Benz CLK 350
mercedes-benz,Mercedes-Benz GLE 43 AMG
mercedes-benz,Mercedes-Benz GLK 200
mercedes-benz,Mercedes-Benz ML 270
mercedes-benz,Mercedes-Benz ML 500
mercedes-benz,Mercedes-Benz SL 55 AMG
mercedes-benz,Mercedes-Benz GLA 45 AMG
mercedes-benz,Mercedes-Benz GLE 250
mercedes-benz,Mercedes-Benz GLK 320
mercedes-benz,Mercedes-Benz SLC 200
mercedes-benz,Mercedes-Benz X 350
mercedes-benz,Mercedes-Benz GLE 450
mercedes-benz,Mercedes-Benz SL 63 AMG
mercedes-benz,Mercedes-Benz A 190
mercedes-benz,Mercedes-Benz C 240
mercedes-benz,Mercedes-Benz GLE 300
mercedes-benz,Mercedes-Benz GLS 350
mercedes-benz,Mercedes-Benz ML 63 AMG
mercedes-benz,Mercedes-Benz SL 320
mercedes-benz,Mercedes-Benz SLK 280
mercedes-benz,Mercedes-Benz C 450
mercedes-benz,Mercedes-Benz E 43 AMG
mercedes-benz,Mercedes-Benz GLB 220
mercedes-benz,Mercedes-Benz R 500
mercedes-benz,Mercedes-Benz SLK 320
mercedes-benz,Mercedes-Benz SLK 55 AMG
mercedes-benz,Mercedes-Benz CLK 500
mercedes-benz,Mercedes-Benz R 320
mercedes-benz,Mercedes-Benz S 450
mercedes-benz,Mercedes-Benz SLC 180
mercedes-benz,Mercedes-Benz AMG GT
mercedes-benz,Mercedes-Benz CL 600
mercedes-benz,Mercedes-Benz SLC 43 AMG
mercedes-benz,Mercedes-Benz CLS
mercedes-benz,Mercedes-Benz GLS 63 AMG
mercedes-benz,Mercedes-Benz SL 400
mercedes-benz,Mercedes-Benz A 210
mercedes-benz,Mercedes-Benz CLS 220
mercedes-benz,Mercedes-Benz CLS 300
mercedes-benz,Mercedes-Benz GL 500
mercedes-benz,Mercedes-Benz 350
mercedes-benz,Mercedes-Benz CLS 53 AMG
mercedes-benz,Mercedes-Benz EQB 250
mercedes-benz,Mercedes-Benz EQV 300
mercedes-benz,Mercedes-Benz ML 300
mercedes-benz,Mercedes-Benz 180
mercedes-benz,Mercedes-Benz C 160
mercedes-benz,Mercedes-Benz C 270
mercedes-benz,Mercedes-Benz G 320
mercedes-benz,Mercedes-Benz G 400
mercedes-benz,Mercedes-Benz GL 320
mercedes-benz,Mercedes-Benz GL 63 AMG
mercedes-benz,Mercedes-Benz C 55 AMG
mercedes-benz,Mercedes-Benz CLK 220
mercedes-benz,Mercedes-Benz CLK 55 AMG
mercedes-benz,Mercedes-Benz E 55 AMG
mercedes-benz,Mercedes-Benz G 63 AMG
mercedes-benz,Mercedes-Benz EQB 300
mercedes-benz,Mercedes-Benz GL 420
mercedes-benz,Mercedes-Benz ML 420
mercedes-benz,Mercedes-Benz R 300
mercedes-benz,Mercedes-Benz S 65 AMG
mercedes-benz,Mercedes-Benz SLC 300
mercedes-benz,Mercedes-Benz CL 63 AMG
mercedes-benz,Mercedes-Benz EQA
mercedes-benz,Mercedes-Benz GLK 280
mercedes-benz,Mercedes-Benz GLS 500
mercedes-benz,Mercedes-Benz R 280
mercedes-benz,Mercedes-Benz SLK
mercedes-benz,Mercedes-Benz E 230
mercedes-benz,Mercedes-Benz 220
mercedes-benz,Mercedes-Benz 230
mercedes-benz,Mercedes-Benz CLK 63 AMG
mercedes-benz,Mercedes-Benz CLS 55 AMG
mercedes-benz,Mercedes-Benz G 55 AMG
mercedes-benz,Mercedes-Benz GLB 180
mercedes-benz,Mercedes-Benz GLS 400
mercedes-benz,Mercedes-Benz S 420
mercedes-benz,Mercedes-Benz SLK 32 AMG
mercedes-benz,Mercedes-Benz E 430
mercedes-benz,Mercedes-Benz EQA 300
mercedes-benz,Mercedes-Benz EQB 350
mercedes-benz,Mercedes-Benz GLB 35 AMG
mercedes-benz,Mercedes-Benz ML 400
mercedes-benz,Mercedes-Benz Vario
mercedes-benz,Mercedes-Benz 280
mercedes-benz,Mercedes-Benz C 32 AMG
mercedes-benz,Mercedes-Benz CLK 270
mercedes-benz,Mercedes-Benz G
mercedes-benz,Mercedes-Benz G 270
mercedes-benz,Mercedes-Benz GLA 35 AMG
mercedes-benz,Mercedes-Benz SL 300
mercedes-benz,Mercedes-Benz V 200
mercedes-benz,Mercedes-Benz B Electric Drive
mercedes-benz,Mercedes-Benz CL 180
mercedes-benz,Mercedes-Benz CLK 430
mercedes-benz,Mercedes-Benz CLS 280
mercedes-benz,Mercedes-Benz E 50 AMG
mercedes-benz,Mercedes-Benz E 550
mercedes-benz,Mercedes-Benz EQE 300
mercedes-benz,Mercedes-Benz GL 450
mercedes-benz,Mercedes-Benz GLK 300
mercedes-benz,Mercedes-Benz ML 450
mercedes-benz,Mercedes-Benz SL 280
mercedes-benz,Mercedes-Benz SL 600
mercedes-benz,Mercedes-Benz V
mercedes-benz,Mercedes-Benz 170
mercedes-benz,Mercedes-Benz CL
mercedes-benz,Mercedes-Benz CL 55 AMG
mercedes-benz,Mercedes-Benz E 420
mercedes-benz,Mercedes-Benz ML 55 AMG
mercedes-benz,Mercedes-Benz S 430
mercedes-benz,Mercedes-Benz S 55 AMG
mercedes-benz,Mercedes-Benz SLC 250
mercedes-benz,Mercedes-Benz 320
mercedes-benz,Mercedes-Benz CL 200
mercedes-benz,Mercedes-Benz CLK
mercedes-benz,Mercedes-Benz G 280
mercedes-benz,Mercedes-Benz 250
mercedes-benz,Mercedes-Benz 500
mercedes-benz,Mercedes-Benz EQA 350
mercedes-benz,Mercedes-Benz EQE 350
mercedes-benz,Mercedes-Benz G 300
mercedes-benz,Mercedes-Benz G 65 AMG
mercedes-benz,Mercedes-Benz GLS 450
mercedes-benz,Mercedes-Benz ML 430
mercedes-benz,Mercedes-Benz R 63 AMG
mercedes-benz,Mercedes-Benz SLK 300
mercedes-benz,Mercedes-Benz SLS
mercedes-benz,Mercedes-Benz X 220
mercedes-benz,Mercedes-Benz 300
mercedes-benz,Mercedes-Benz 600
mercedes-benz,Mercedes-Benz CE 220
mercedes-benz,Mercedes-Benz CL 220
mercedes-benz,Mercedes-Benz CL 65 AMG
mercedes-benz,Mercedes-Benz G 290
mercedes-benz,Mercedes-Benz GL 400
mercedes-benz,Mercedes-Benz GLE 580
mercedes-benz,Mercedes-Benz Maybach S-Klasse
mercedes-benz,Mercedes-Benz S 250
mercedes-benz,Mercedes-Benz S 260
mercedes-benz,Mercedes-Benz S 550
mercedes-benz,Mercedes-Benz S 560 E
mercedes-benz,Mercedes-Benz SL 450
mercedes-benz,Mercedes-Benz SL 65 AMG
mercedes-benz,Mercedes-Benz V 280
mini,MINI Cooper
mini,MINI One
mini,MINI Cooper S
mini,MINI Cooper Cabrio
mini,MINI Cooper S Cabrio
mini,MINI John Cooper Works
mini,MINI Cooper Countryman
mini,MINI Cooper Clubman
mini,MINI Cooper S Countryman
mini,MINI One Cabrio
mini,MINI Cooper SE
mini,MINI Cooper S Clubman
mini,MINI Cooper SE Countryman
mini,MINI One Clubman
mini,MINI Cooper SD
mini,MINI John Cooper Works Cabrio
mini,MINI Cooper D Countryman
mini,MINI Cooper D
mini,MINI One Countryman
mini,MINI Cooper D Clubman
mini,MINI Cooper SD Countryman
mini,MINI John Cooper Works Clubman
mini,MINI John Cooper Works Countryman
mini,MINI Cooper SD Clubman
mini,MINI One D
mini,MINI One D Clubman
mini,MINI Cooper D Cabrio
mini,MINI
mini,MINI Cooper Roadster
mini,MINI One D Countryman
mini,MINI Cooper S Roadster
mini,MINI Cooper SD Cabrio
mini,MINI Cooper S Paceman
mini,MINI Cooper Paceman
mini,MINI John Cooper Works Paceman
mini,MINI John Cooper Works Roadster
mini,MINI Cooper Coupe
mini,MINI Cooper S Coupe
mini,MINI Cooper SD Roadster
mini,MINI Cooper SD Coupe
mini,MINI Cooper SD Paceman
mitsubishi,Mitsubishi Space Star
mitsubishi,Mitsubishi Eclipse Cross
mitsubishi,Mitsubishi Outlander
mitsubishi,Mitsubishi ASX
mitsubishi,Mitsubishi L200
mitsubishi,Mitsubishi
mitsubishi,Mitsubishi Eclipse
mitsubishi,Mitsubishi Colt
mitsubishi,Mitsubishi Pajero
mitsubishi,Mitsubishi Lancer
mitsubishi,Mitsubishi Carisma
mitsubishi,Mitsubishi Galant
mitsubishi,Mitsubishi Grandis
mitsubishi,Mitsubishi Space Gear
mitsubishi,Mitsubishi I-MiEV
mitsubishi,Mitsubishi Space Runner
nissan,Nissan Qashqai
nissan,Nissan Micra
nissan,Nissan Juke
nissan,Nissan X-Trail
nissan,Nissan Leaf
nissan,Nissan Townstar
nissan,Nissan Navara
nissan,Nissan Note
nissan,Nissan Pulsar
nissan,Nissan
nissan,Nissan NV200
nissan,Nissan Pathfinder
nissan,Nissan NV300
nissan,Nissan Primastar
nissan,Nissan Qashqai+2
nissan,Nissan Ariya
nissan,Nissan 370Z
nissan,Nissan NV400
nissan,Nissan Pixo
nissan,Nissan Almera
nissan,Nissan E-NV200
nissan,Nissan Primera
nissan,Nissan 350Z
nissan,Nissan Murano
nissan,Nissan Almera Tino
nissan,Nissan Evalia
nissan,Nissan Interstar
nissan,Nissan NP300
nissan,Nissan Frontier
nissan,Nissan NV250
nissan,Nissan Cabstar
nissan,Nissan GT-R
nissan,Nissan Kubistar
nissan,Nissan Patrol
nissan,Nissan Pick Up
nissan,Nissan Serena
nissan,Nissan Terrano
nissan,Nissan Tiida
nissan,Nissan Titan
nissan,Nissan Townstar EV
opel,Opel Astra
opel,Opel Corsa
opel,Opel Insignia
opel,Opel Mokka
opel,Opel Grandland X
opel,Opel Zafira
opel,Opel Meriva
opel,Opel Adam
opel,Opel Crossland X
opel,Opel Mokka X
opel,Opel Crossland
opel,Opel Vivaro
opel,Opel Combo
opel,Opel Grandland
opel,Opel Zafira Tourer
opel,Opel Cascada
opel,Opel Combo Life
opel,Opel Tigra
opel,Opel Karl
opel,Opel Vectra
opel,Opel Movano
opel,Opel Agila
opel,Opel Zafira Life
opel,Opel Corsa-e
opel,Opel
opel,Opel Antara
opel,Opel Mokka-E
opel,Opel Signum
opel,Opel Ampera
opel,Opel Omega
opel,Opel GT
opel,Opel Ampera-E
opel,Opel Combo-e Life
opel,Opel Speedster
opel,Opel Frontera
opel,Opel Campo
opel,Opel Vivaro-e
peugeot,Peugeot 308
peugeot,Peugeot 3008
peugeot,Peugeot 2008
peugeot,Peugeot 208
peugeot,Peugeot 207
peugeot,Peugeot 508
peugeot,Peugeot 5008
peugeot,Peugeot Rifter
peugeot,Peugeot 206
peugeot,Peugeot Boxer
peugeot,Peugeot Partner
peugeot,Peugeot 108
peugeot,Peugeot Expert
peugeot,Peugeot 307
peugeot,Peugeot Traveller
peugeot,Peugeot
peugeot,Peugeot 107
peugeot,Peugeot 407
peugeot,Peugeot 408
peugeot,Peugeot RCZ
peugeot,Peugeot 807
peugeot,Peugeot 1007
peugeot,Peugeot Bipper
peugeot,Peugeot iOn
peugeot,Peugeot e-2008
peugeot,Peugeot e-208
peugeot,Peugeot 4007
peugeot,Peugeot 607
peugeot,Peugeot 4008
peugeot,Peugeot 406
peugeot,Peugeot Camper
porsche,Porsche Cayenne
porsche,Porsche Macan
porsche,Porsche Panamera
porsche,Porsche Boxster
porsche,Porsche Cayman
porsche,Porsche 911
porsche,Porsche 997
porsche,Porsche 718
porsche,Porsche 991
porsche,Porsche 996
porsche,Porsche Taycan
porsche,Porsche 992
porsche,Porsche Targa
porsche,Porsche Carrera GT
proton,Proton 316
renault,Renault Clio
renault,Renault Megane
renault,Renault Captur
renault,Renault Kadjar
renault,Renault Twingo
renault,Renault ZOE
renault,Renault Scenic
renault,Renault Kangoo
renault,Renault Talisman
renault,Renault Trafic
renault,Renault Grand Scenic
renault,Renault Master
renault,Renault Koleos
renault,Renault Arkana
renault,Renault Espace
renault,Renault
renault,Renault Modus
renault,Renault Austral
renault,Renault Laguna
renault,Renault Alpine A110
renault,Renault Megane E-Tech
renault,Renault Express
renault,Renault Grand Modus
renault,Renault Wind
renault,Renault Grand Espace
renault,Renault Alaskan
renault,Renault Kangoo Z.E.
renault,Renault Rapid
renault,Renault Vel Satis
renault,Renault Latitude
renault,Renault Mascott
renault,Renault R 6
rover,Rover 75
rover,Rover 25
rover,Rover 45
rover,Rover Rover
rover,Rover
rover,Rover Streetwise
saab,Saab 9-3
saab,Saab 9-5
saab,Saab 9-7X
saab,Saab 93
saab,Saab 9-4X
seat,SEAT Leon
seat,SEAT Arona
seat,SEAT Ibiza
seat,SEAT Ateca
seat,SEAT Alhambra
seat,SEAT Tarraco
seat,SEAT Mii
seat,SEAT Altea
seat,SEAT
seat,SEAT Altea XL
seat,SEAT Exeo
seat,SEAT Toledo
seat,SEAT Leon e-Hybrid
seat,SEAT Cordoba
seat,SEAT Arosa
skoda,Skoda Octavia
skoda,Skoda Fabia
skoda,Skoda Superb
skoda,Skoda Kodiaq
skoda,Skoda Karoq
skoda,Skoda Kamiq
skoda,Skoda Scala
skoda,Skoda Rapid/Spaceback
skoda,Skoda Citigo
skoda,Skoda Yeti
skoda,Skoda Enyaq
skoda,Skoda Roomster
skoda,Skoda
skoda,Skoda Praktik
skoda,Skoda 135
smart,smart forTwo
smart,smart forFour
smart,smart brabus
smart,smart roadster
smart,smart city-coupé/city-cabrio
smart,smart
smart,smart smart #1
ssangyong,SsangYong Korando
ssangyong,SsangYong Tivoli
ssangyong,SsangYong REXTON
ssangyong,SsangYong MUSSO
ssangyong,SsangYong XLV
ssangyong,SsangYong Actyon
ssangyong,SsangYong Rodius
ssangyong,SsangYong Kyron
ssangyong,SsangYong
toyota,Toyota Yaris
toyota,Toyota C-HR
toyota,Toyota Corolla
toyota,Toyota RAV 4
toyota,Toyota Aygo
toyota,Toyota Auris
toyota,Toyota Proace
toyota,Toyota Yaris Cross
toyota,Toyota
toyota,Toyota Avensis
toyota,Toyota Aygo X
toyota,Toyota Hilux
toyota,Toyota Land Cruiser
toyota,Toyota Prius
toyota,Toyota Verso
toyota,Toyota Supra
toyota,Toyota bZ4X
toyota,Toyota Corolla Verso
toyota,Toyota Mirai
toyota,Toyota Corolla Cross
toyota,Toyota iQ
toyota,Toyota Proace City
toyota,Toyota GT86
toyota,Toyota Camry
toyota,Toyota Prius+
toyota,Toyota Verso-S
toyota,Toyota GR86
toyota,Toyota Urban Cruiser
toyota,Toyota Hiace
toyota,Toyota Highlander
toyota,Toyota Sienna
toyota,Toyota Tundra
toyota,Toyota Tacoma
toyota,Toyota 4-Runner
toyota,Toyota Avensis Verso
toyota,Toyota Dyna
toyota,Toyota FJ Cruiser
toyota,Toyota MR 2
toyota,Toyota Previa
volkswagen,Volkswagen Golf
volkswagen,Volkswagen Polo
volkswagen,Volkswagen Tiguan
volkswagen,Volkswagen Passat Variant
volkswagen,Volkswagen Caddy
volkswagen,Volkswagen Touran
volkswagen,Volkswagen T-Roc
volkswagen,Volkswagen Golf Variant
volkswagen,Volkswagen T-Cross
volkswagen,Volkswagen Passat
volkswagen,Volkswagen Touareg
volkswagen,Volkswagen Sharan
volkswagen,Volkswagen up!
volkswagen,Volkswagen Golf Plus
volkswagen,Volkswagen Golf Sportsvan
volkswagen,Volkswagen Golf GTI
volkswagen,Volkswagen T6 Multivan
volkswagen,Volkswagen Beetle
volkswagen,Volkswagen Taigo
volkswagen,Volkswagen T5 Transporter
volkswagen,Volkswagen T5 Multivan
volkswagen,Volkswagen T6.1 California
volkswagen,Volkswagen Crafter
volkswagen,Volkswagen Arteon
volkswagen,Volkswagen Scirocco
volkswagen,Volkswagen Eos
volkswagen,Volkswagen T6 Transporter
volkswagen,Volkswagen
volkswagen,Volkswagen New Beetle
volkswagen,Volkswagen Tiguan Allspace
volkswagen,Volkswagen Fox
volkswagen,Volkswagen T6 California
volkswagen,Volkswagen Amarok
volkswagen,Volkswagen Golf Cabriolet
volkswagen,Volkswagen CC
volkswagen,Volkswagen Passat CC
volkswagen,Volkswagen ID.3
volkswagen,Volkswagen Passat Alltrack
volkswagen,Volkswagen Polo GTI
volkswagen,Volkswagen Lupo
volkswagen,Volkswagen Jetta
volkswagen,Volkswagen T5 Caravelle
volkswagen,Volkswagen T6.1 Multivan
volkswagen,Volkswagen Phaeton
volkswagen,Volkswagen T5 California
volkswagen,Volkswagen ID.4
volkswagen,Volkswagen T6 Kombi
volkswagen,Volkswagen Golf GTE
volkswagen,Volkswagen T6 Caravelle
volkswagen,Volkswagen T7 Multivan
volkswagen,Volkswagen Golf R
volkswagen,Volkswagen T4 Multivan
volkswagen,Volkswagen T5 Kombi
volkswagen,Volkswagen Bora
volkswagen,Volkswagen ID.5
volkswagen,Volkswagen ID. Buzz
volkswagen,Volkswagen Polo Cross
volkswagen,Volkswagen e-up!
volkswagen,Volkswagen T4
volkswagen,Volkswagen T5
volkswagen,Volkswagen e-Golf
volkswagen,Volkswagen T6.1 Caravelle
volkswagen,Volkswagen Cross Touran
volkswagen,Volkswagen T4 Caravelle
volkswagen,Volkswagen T6.1 Transporter
volkswagen,Volkswagen T6.1 Kombi
volkswagen,Volkswagen Grand California
volkswagen,Volkswagen LT
volkswagen,Volkswagen T4 California
volkswagen,Volkswagen Transporter
volkswagen,Volkswagen Golf GTD
volkswagen,Volkswagen Polo R WRC
volkswagen,Volkswagen Cross Golf
volkswagen,Volkswagen Bus
volkswagen,Volkswagen T4 Kombi
volkswagen,Volkswagen T5 Shuttle
volkswagen,Volkswagen Atlas
volkswagen,Volkswagen Käfer
volkswagen,Volkswagen Polo Sedan
volkswagen,Volkswagen T2
volvo,Volvo XC60
volvo,Volvo XC40
volvo,Volvo V60
volvo,Volvo XC90
volvo,Volvo V90
volvo,Volvo V40
volvo,Volvo V90 Cross Country
volvo,Volvo S90
volvo,Volvo S60
volvo,Volvo V60 Cross Country
volvo,Volvo V70
volvo,Volvo C40
volvo,Volvo V40 Cross Country
volvo,Volvo XC70
volvo,Volvo C30
volvo,Volvo V50
volvo,Volvo C70
volvo,Volvo S80
volvo,Volvo
volvo,Volvo S40
